{
  "threshold_headline": {
    "ep040_orig": {
      "phi6.4": {
        "phi_target": 6.4,
        "threshold": -0.8274418115615845,
        "phi": 6.4,
        "s2": 0.00335,
        "euler": 106.36,
        "maxcc": 0.0725
      },
      "best_s2": {
        "phi_target": 5.5,
        "threshold": -0.8611364364624023,
        "phi": 5.5,
        "s2": 0.00185,
        "euler": 99.4,
        "maxcc": 0.0742
      }
    },
    "ep040_qmatch": {
      "phi6.4": {
        "phi_target": 6.4,
        "threshold": -0.612500011920929,
        "phi": 6.742,
        "s2": 0.00429,
        "euler": 109.04,
        "maxcc": 0.0734
      },
      "best_s2": {
        "phi_target": 5.5,
        "threshold": -0.6499999761581421,
        "phi": 5.569,
        "s2": 0.00187,
        "euler": 99.95,
        "maxcc": 0.0742
      }
    },
    "ep050_orig": {
      "phi6.4": {
        "phi_target": 6.4,
        "threshold": -0.5843532681465149,
        "phi": 6.4,
        "s2": 0.00636,
        "euler": 104.73,
        "maxcc": 0.0699
      },
      "best_s2": {
        "phi_target": 5.0,
        "threshold": -0.6430224776268005,
        "phi": 5.0,
        "s2": 0.00337,
        "euler": 91.78,
        "maxcc": 0.0715
      }
    },
    "ep050_qmatch": {
      "phi6.4": {
        "phi_target": 6.4,
        "threshold": -0.612500011920929,
        "phi": 6.742,
        "s2": 0.00741,
        "euler": 107.44,
        "maxcc": 0.0703
      },
      "best_s2": {
        "phi_target": 5.0,
        "threshold": -0.6625000238418579,
        "phi": 5.178,
        "s2": 0.00355,
        "euler": 93.57,
        "maxcc": 0.0709
      }
    }
  },
  "nnunet": {
    "ep040_orig": {
      "phi": 11.493,
      "s2": 0.01652,
      "euler": 145.57,
      "maxcc": 0.0647
    },
    "ep040_qmatch": {
      "phi": 5.404,
      "s2": 0.00165,
      "euler": 101.95,
      "maxcc": 0.0725
    },
    "ep050_orig": {
      "phi": 4.704,
      "s2": 0.00293,
      "euler": 95.07,
      "maxcc": 0.063
    },
    "ep050_qmatch": {
      "phi": 5.111,
      "s2": 0.00223,
      "euler": 102.25,
      "maxcc": 0.0609
    }
  },
  "gray_stats": {
    "ep040_orig": {
      "name": "ep040_orig",
      "shape": [
        512,
        128,
        128
      ],
      "mean": -0.16158922016620636,
      "std": 0.4274958670139313,
      "min": -1.0,
      "max": 1.0,
      "frac_minus1": 0.01017618179321289,
      "frac_plus1": 0.0020606517791748047,
      "percentiles": {
        "0": -1.0,
        "0.5": -1.0,
        "1": -1.0,
        "5": -0.881344735622406,
        "6.4": -0.8274418115615845,
        "25": -0.4516456127166748,
        "50": -0.17294995486736298,
        "75": 0.1050356850028038,
        "95": 0.5871983766555786,
        "99": 0.9790220856666565,
        "99.5": 0.9916892647743225,
        "100": 1.0
      },
      "tile_mean_p": {
        "0": -0.7463083863258362,
        "5": -0.5375269055366516,
        "25": -0.26887694001197815,
        "50": -0.13858167827129364,
        "75": -0.036773860454559326,
        "95": 0.11408326774835587,
        "100": 0.4563598930835724
      },
      "tile_std_p": {
        "0": 0.22022908926010132,
        "5": 0.3167940378189087,
        "25": 0.35807862877845764,
        "50": 0.3813841938972473,
        "75": 0.4043118357658386,
        "95": 0.44525206089019775,
        "100": 0.512058436870575
      },
      "vs_real": {
        "ks_stat_subsample_1e6": 0.11369899999999997,
        "ks_p": 0.0,
        "wasserstein_all": 0.08328677768010866,
        "mean_shift": -0.06269663572311401
      }
    },
    "ep040_qmatch": {
      "name": "ep040_qmatch",
      "shape": [
        512,
        128,
        128
      ],
      "mean": -0.0989200696349144,
      "std": 0.3538527190685272,
      "min": -1.0,
      "max": 1.0,
      "frac_minus1": 0.010175347328186035,
      "frac_plus1": 0.008793473243713379,
      "percentiles": {
        "0": -1.0,
        "0.5": -1.0,
        "1": -1.0,
        "5": -0.6625000238418579,
        "6.4": -0.612500011920929,
        "25": -0.32499998807907104,
        "50": -0.11250001192092896,
        "75": 0.11249995231628418,
        "95": 0.5,
        "99": 0.9634765386581421,
        "99.5": 1.0,
        "100": 1.0
      },
      "tile_mean_p": {
        "0": -0.5836253762245178,
        "5": -0.40915825963020325,
        "25": -0.18542209267616272,
        "50": -0.08102504909038544,
        "75": 0.0020257120486348867,
        "95": 0.12473616003990173,
        "100": 0.4175170063972473
      },
      "tile_std_p": {
        "0": 0.21461184322834015,
        "5": 0.26456621289253235,
        "25": 0.2938185930252075,
        "50": 0.31513938307762146,
        "75": 0.3352475166320801,
        "95": 0.3736143112182617,
        "100": 0.4323032796382904
      },
      "vs_real": {
        "ks_stat_subsample_1e6": 0.0019759999999999986,
        "ks_p": 0.040245545388150394,
        "wasserstein_all": 0.00037048868237313557,
        "mean_shift": -2.7485191822052002e-05
      }
    },
    "ep050_orig": {
      "name": "ep050_orig",
      "shape": [
        512,
        128,
        128
      ],
      "mean": 0.08316302299499512,
      "std": 0.4404117166996002,
      "min": -1.0,
      "max": 1.0,
      "frac_minus1": 0.0019949674606323242,
      "frac_plus1": 0.01957845687866211,
      "percentiles": {
        "0": -1.0,
        "0.5": -0.9889569878578186,
        "1": -0.9626300930976868,
        "5": -0.6430224776268005,
        "6.4": -0.5843532681465149,
        "25": -0.21182218194007874,
        "50": 0.07034149765968323,
        "75": 0.3704901337623596,
        "95": 0.899541974067688,
        "99": 1.0,
        "99.5": 1.0,
        "100": 1.0
      },
      "tile_mean_p": {
        "0": -0.7246351838111877,
        "5": -0.3290341794490814,
        "25": -0.038988903164863586,
        "50": 0.08716555684804916,
        "75": 0.23413871228694916,
        "95": 0.442062646150589,
        "100": 0.6372135877609253
      },
      "tile_std_p": {
        "0": 0.2274426370859146,
        "5": 0.3153037428855896,
        "25": 0.3639048635959625,
        "50": 0.3808460235595703,
        "75": 0.39296281337738037,
        "95": 0.41471847891807556,
        "100": 0.44174283742904663
      },
      "vs_real": {
        "ks_stat_subsample_1e6": 0.21901499999999996,
        "ks_p": 0.0,
        "wasserstein_all": 0.18240928725065803,
        "mean_shift": 0.18205560743808746
      }
    },
    "ep050_qmatch": {
      "name": "ep050_qmatch",
      "shape": [
        512,
        128,
        128
      ],
      "mean": -0.10220398008823395,
      "std": 0.34459447860717773,
      "min": -1.0,
      "max": 0.75,
      "frac_minus1": 0.008305072784423828,
      "frac_plus1": 0.0,
      "percentiles": {
        "0": -1.0,
        "0.5": -1.0,
        "1": -0.9624999761581421,
        "5": -0.6625000238418579,
        "6.4": -0.612500011920929,
        "25": -0.32499998807907104,
        "50": -0.11250001192092896,
        "75": 0.11249995231628418,
        "95": 0.5,
        "99": 0.75,
        "99.5": 0.75,
        "100": 0.75
      },
      "tile_mean_p": {
        "0": -0.7440979480743408,
        "5": -0.420703649520874,
        "25": -0.19648604094982147,
        "50": -0.09893163293600082,
        "75": 0.014160752296447754,
        "95": 0.1762227863073349,
        "100": 0.32539284229278564
      },
      "tile_std_p": {
        "0": 0.1961730718612671,
        "5": 0.24935196340084076,
        "25": 0.2824864685535431,
        "50": 0.29879796504974365,
        "75": 0.3095649182796478,
        "95": 0.3261605203151703,
        "100": 0.35111767053604126
      },
      "vs_real": {
        "ks_stat_subsample_1e6": 0.01913799999999999,
        "ks_p": 1.646610573407249e-159,
        "wasserstein_all": 0.003622331187959283,
        "mean_shift": -0.0033113956451416016
      }
    }
  },
  "real_gray": {
    "name": "real_test512",
    "shape": [
      512,
      128,
      128
    ],