{
  "ep040_orig": {
    "phi": 11.493,
    "s2": 0.01652,
    "euler": 145.57,
    "maxcc": 0.0647
  },
  "ep040_qmatch": {
    "phi": 5.404,
    "s2": 0.00165,
    "euler": 101.95,
    "maxcc": 0.0725
  },
  "ep050_orig": {
    "phi": 4.704,
    "s2": 0.00293,
    "euler": 95.07,
    "maxcc": 0.063
  },
  "ep050_qmatch": {
    "phi": 5.111,
    "s2": 0.00223,
    "euler": 102.25,
    "maxcc": 0.0609
  }
}