{
  "mode": "train-moments",
  "reference_mean": -0.09257782250642776,
  "reference_std": 0.37391185760498047,
  "sample_mean_before": -0.13439339399337769,
  "sample_std_before": 0.47378474473953247,
  "sample_mean_after": -0.09257781505584717,
  "sample_std_after": 0.37391185760498047,
  "calibration_data": "phase2/slices_ct28_gray_128"
}