{
  "train": {
    "mean": -0.09257782250642776,
    "std": 0.37391185760498047,
    "min": -1.0,
    "max": 1.0,
    "p6p4": -0.6499999761581421,
    "frac_minus1": 0.011312969161803464,
    "frac_plus1": 0.01196211849350527
  },
  "test512": {
    "mean": -0.09889258444309235,
    "std": 0.35368090867996216,
    "min": -1.0,
    "max": 1.0,
    "p6p4": -0.612500011920929,
    "frac_minus1": 0.00834798812866211,
    "frac_plus1": 0.009186387062072754
  },
  "variants": {
    "best_none": {
      "mean": -0.43188536167144775,
      "std": 0.3733144700527191,
      "min": -1.0,
      "max": 1.0,
      "p6p4": -0.97492915391922,
      "frac_minus1": 0.02545034885406494,
      "frac_plus1": 0.001336812973022461,
      "mean_shift_vs_train": -0.33930753916502,
      "mean_shift_vs_test512": -0.3329927772283554
    },
    "best_train_moments": {
      "mean": -0.09465719759464264,
      "std": 0.36700209975242615,
      "min": -0.6616016030311584,
      "max": 1.0,
      "p6p4": -0.6364905834197998,
      "frac_minus1": 0.0,
      "frac_plus1": 0.010162115097045898,
      "mean_shift_vs_train": -0.0020793750882148743,
      "mean_shift_vs_test512": 0.004235386848449707
    },
    "final_none": {
      "mean": -0.13439339399337769,
      "std": 0.47378474473953247,
      "min": -1.0,
      "max": 1.0,
      "p6p4": -0.8510869145393372,
      "frac_minus1": 0.010514378547668457,
      "frac_plus1": 0.008269786834716797,
      "mean_shift_vs_train": -0.04181557148694992,
      "mean_shift_vs_test512": -0.03550080955028534
    },
    "final_train_moments": {
      "mean": -0.09257781505584717,
      "std": 0.37391185760498047,
      "min": -0.775716245174408,
      "max": 0.8026877045631409,
      "p6p4": -0.6581937670707703,
      "frac_minus1": 0.0,
      "frac_plus1": 0.0,
      "mean_shift_vs_train": 7.450580596923828e-09,
      "mean_shift_vs_test512": 0.006314769387245178
    }
  }
}