{
  "purpose": "B1.1 P0 normalization-chain audit",
  "paths": {
    "train.npy": "/home/user/HXL/HY7_planb/phase2/slices_ct28_gray_128/train.npy",
    "test.npy": "/home/user/HXL/HY7_planb/phase2/slices_ct28_gray_128/test.npy",
    "test_pore.npy": "/home/user/HXL/HY7_planb/phase2/slices_ct28_gray_128/test_pore.npy",
    "samples_gray.npy": "/home/user/HXL/HY7_planb/phase2/ddpm_ct28_gray/samples_gray.npy",
    "hy7_phase2_ddpm.py": "/home/user/HXL/HY7_planb/src/hy7_phase2_ddpm.py",
    "samples_gray_qmatch.npy": "/home/user/HXL/HY7_planb/phase2/ddpm_ct28_gray/samples_gray_qmatch.npy"
  },
  "sha256": {
    "test_pore.npy": "6ad7f625e044d2fc20c6264d54afcd0387a7ac929fc975c3410f7a362d197f7a",
    "samples_gray.npy": "f471b9b45e09baa95053b9f2e4b1f1a556ee254a5b2f73d4a9477cc09cf72624",
    "hy7_phase2_ddpm.py": "d908df602af6af5132a56834bee57932cf29d936e25d22f426701ac23ba71d12",
    "samples_gray_qmatch.npy": "b57f9c5ec36a933045b42044e1bd1e70f43c2821d573c75282d7b8e5392dab4f"
  },
  "sizes": {
    "train.npy": 1087897728,
    "test.npy": 271974528,
    "test_pore.npy": 67993728,
    "samples_gray.npy": 33554560,
    "hy7_phase2_ddpm.py": 10318,
    "samples_gray_qmatch.npy": 33554560
  },
  "loader_checks": {
    "load_train_array_shape": [
      16600,
      1,
      128,
      128
    ],
    "load_train_array_dtype": "torch.float32",
    "load_train_array_min": -1.0,
    "load_train_array_max": 1.0,
    "load_train_array_mean": -0.09257781505584717,
    "postprocess_gray_identity": true
  },
  "summaries": {
    "train_all": {
      "name": "train_all",
      "shape": [
        16600,
        128,
        128
      ],
      "dtype": "float32",
      "min": -1.0,
      "max": 1.0,
      "mean": -0.09257782250642776,
      "std": 0.37391185760498047,
      "fraction_at_minus1": 0.011312969161803464,
      "fraction_at_plus1": 0.01196211849350527,
      "percentiles": {
        "0": -1.0,
        "0.1": -1.0,
        "0.5": -1.0,
        "1": -1.0,
        "5": -0.699999988079071,
        "6.4": -0.6499999761581421,
        "25": -0.32499998807907104,
        "50": -0.10000002384185791,
        "75": 0.125,
        "95": 0.5499999523162842,
        "99": 1.0,
        "99.5": 1.0,
        "99.9": 1.0,
        "100": 1.0
      },
      "tile_mean_percentiles": {
        "0": -0.3535423278808594,
        "1": -0.2765825688838959,
        "5": -0.22855550050735474,
        "25": -0.15768545866012573,
        "50": -0.09111365675926208,
        "75": -0.02363109588623047,
        "95": 0.03241611644625664,
        "99": 0.06175900995731354,
        "100": 0.15464630722999573
      },
      "tile_std_percentiles": {
        "0": 0.25877121090888977,
        "1": 0.2826157212257385,
        "5": 0.30415472388267517,
        "25": 0.33871787786483765,
        "50": 0.3605723977088928,
        "75": 0.38385674357414246,
        "95": 0.42529717087745667,
        "99": 0.4800129234790802,
        "100": 0.570560872554779
      }
    },
    "test512": {
      "name": "test512",
      "shape": [
        512,
        128,
        128
      ],
      "dtype": "float32",
      "min": -1.0,
      "max": 1.0,
      "mean": -0.09889258444309235,
      "std": 0.35368090867996216,
      "fraction_at_minus1": 0.00834798812866211,
      "fraction_at_plus1": 0.009186387062072754,
      "percentiles": {
        "0": -1.0,
        "0.1": -1.0,
        "0.5": -1.0,
        "1": -0.9624999761581421,
        "5": -0.6625000238418579,
        "6.4": -0.612500011920929,
        "25": -0.32499998807907104,
        "50": -0.11250001192092896,
        "75": 0.11249995231628418,
        "95": 0.5,
        "99": 0.9624999761581421,
        "99.5": 1.0,
        "99.9": 1.0,
        "100": 1.0
      },
      "tile_mean_percentiles": {
        "0": -0.31166380643844604,
        "1": -0.27251824736595154,
        "5": -0.24518005549907684,
        "25": -0.1694255769252777,
        "50": -0.08974914252758026,
        "75": -0.0349605567753315,
        "95": 0.02732126973569393,
        "99": 0.047820281237363815,
        "100": 0.07802963256835938
      },
      "tile_std_percentiles": {
        "0": 0.24957746267318726,
        "1": 0.27212759852409363,
        "5": 0.287363737821579,
        "25": 0.32399803400039673,
        "50": 0.3439166247844696,
        "75": 0.3603174090385437,
        "95": 0.3931035101413727,
        "99": 0.41152164340019226,
        "100": 0.42661041021347046
      }
    },
    "generated_orig": {
      "name": "generated_orig",
      "shape": [
        512,
        128,
        128
      ],
      "dtype": "float32",
      "min": -1.0,
      "max": 1.0,
      "mean": -0.43188536167144775,
      "std": 0.3733144700527191,
      "fraction_at_minus1": 0.02545034885406494,
      "fraction_at_plus1": 0.001336812973022461,
      "percentiles": {
        "0": -1.0,
        "0.1": -1.0,
        "0.5": -1.0,
        "1": -1.0,
        "5": -0.9863765835762024,
        "6.4": -0.97492915391922,
        "25": -0.7065813541412354,
        "50": -0.45905786752700806,
        "75": -0.2056547999382019,
        "95": 0.22496914863586426,
        "99": 0.6639126539230347,
        "99.5": 0.8829257488250732,
        "99.9": 1.0,
        "100": 1.0
      },
      "tile_mean_percentiles": {
        "0": -0.7692536115646362,
        "1": -0.7520430088043213,
        "5": -0.6935575008392334,
        "25": -0.5731000304222107,
        "50": -0.455918550491333,
        "75": -0.3354693651199341,
        "95": -0.08231507241725922,
        "99": 0.23462171852588654,
        "100": 0.44097307324409485
      },
      "tile_std_percentiles": {
        "0": 0.2017231285572052,
        "1": 0.22041954100131989,
        "5": 0.24897930026054382,
        "25": 0.29286420345306396,
        "50": 0.3166653513908386,
        "75": 0.33779698610305786,
        "95": 0.3746660351753235,
        "99": 0.3952990770339966,
        "100": 0.4112633764743805
      }
    },
    "generated_qmatch": {
      "name": "generated_qmatch",
      "shape": [
        512,
        128,
        128
      ],
      "dtype": "float32",
      "min": -1.0,
      "max": 1.0,
      "mean": -0.10104392468929291,
      "std": 0.35874810814857483,
      "fraction_at_minus1": 0.02544856071472168,
      "fraction_at_plus1": 0.008793473243713379,
      "percentiles": {
        "0": -1.0,
        "0.1": -1.0,
        "0.5": -1.0,
        "1": -1.0,
        "5": -0.6625000238418579,
        "6.4": -0.612500011920929,
        "25": -0.32499998807907104,
        "50": -0.11250001192092896,
        "75": 0.11249995231628418,
        "95": 0.5,
        "99": 0.9631574749946594,
        "99.5": 1.0,
        "99.9": 1.0,
        "100": 1.0
      },
      "tile_mean_percentiles": {
        "0": -0.4267180562019348,
        "1": -0.41025689244270325,
        "5": -0.3559132516384125,
        "25": -0.23705366253852844,
        "50": -0.11631841957569122,
        "75": -0.004973697476089001,
        "95": 0.22373560070991516,
        "99": 0.5063604712486267,
        "100": 0.6773428916931152
      },
      "tile_std_percentiles": {
        "0": 0.24890202283859253,
        "1": 0.26109328866004944,
        "5": 0.27365928888320923,
        "25": 0.2931665778160095,
        "50": 0.305340051651001,
        "75": 0.31831979751586914,
        "95": 0.33830511569976807,
        "99": 0.35373568534851074,
        "100": 0.3703342080116272
      }
    }
  },
  "inverse_raw": {
    "test512": {
      "name": "raw_inverse",
      "shape": [
        512,
        128,
        128
      ],
      "dtype": "float32",
      "min": 45.0,
      "max": 205.0,
      "mean": 117.08859252929688,
      "std": 28.294471740722656,
      "fraction_at_minus1": 0.0,
      "fraction_at_plus1": 1.0,
      "percentiles": {
        "0": 45.0,
        "0.1": 45.0,
        "0.5": 45.0,
        "1": 48.0,
        "5": 72.0,
        "6.4": 76.0,
        "25": 99.0,
        "50": 116.0,
        "75": 134.0,
        "95": 165.0,
        "99": 202.0,
        "99.5": 205.0,