{
  "version": "hy7-gray-calibration-qmatch-v1",
  "method": "empirical_quantile_match_rank_preserving",
  "reference_path": "slices_ct28_gray_128/test.npy",
  "reference_split": "all",
  "input_shape": [
    512,
    128,
    128
  ],
  "input_stats": {
    "mean": 0.06018007546663284,
    "std": 0.3694455623626709,
    "min": -1.0,
    "max": 1.0,
    "quantile_mae": 0.13556553492588663,
    "q01": -0.8581844621896744,
    "ref_q01": -0.9624999761581421,
    "q05": -0.568868812918663,
    "ref_q05": -0.6625000238418579,
    "q25": -0.17304609343409538,
    "ref_q25": -0.32499998807907104,
    "q50": 0.05963868461549282,
    "ref_q50": -0.11250001192092896,
    "q75": 0.29865656048059464,
    "ref_q75": 0.10000002384185791,
    "q95": 0.6872144311666488,
    "ref_q95": 0.5,
    "q99": 0.9214515155553813,
    "ref_q99": 0.9624999761581421
  },
  "calibrated_stats": {
    "mean": -0.10310214757919312,
    "std": 0.35292258858680725,
    "min": -1.0,
    "max": 1.0,
    "quantile_mae": 0.0,
    "q01": -0.9624999761581421,
    "ref_q01": -0.9624999761581421,
    "q05": -0.6625000238418579,
    "ref_q05": -0.6625000238418579,
    "q25": -0.32499998807907104,
    "ref_q25": -0.32499998807907104,
    "q50": -0.11250001192092896,
    "ref_q50": -0.11250001192092896,
    "q75": 0.10000002384185791,
    "ref_q75": 0.10000002384185791,
    "q95": 0.5,
    "ref_q95": 0.5,
    "q99": 0.9624999761581421,
    "ref_q99": 0.9624999761581421
  }
}